<publishData>
  <publishTarget publishUrl="ftp://ftp.badinfluencesoftware.com/api/WcfPollingDuplex/">
    <file relUrl="GameStreamService.svc" publishTime="10/13/2008 23:10:29" />
    <file relUrl="bin/WcfPollingDuplex.pdb" publishTime="10/29/2008 10:08:04" />
    <file relUrl="bin/System.ServiceModel.PollingDuplex.dll" publishTime="09/22/2008 18:56:48" />
    <file relUrl="ClientAccessPolicy.xml" publishTime="10/14/2008 21:02:43" />
    <file relUrl="bin/WcfPollingDuplex.dll" publishTime="10/29/2008 10:08:04" />
    <file relUrl="Web.config" publishTime="10/25/2008 14:54:14" />
  </publishTarget>
  <publishTarget publishUrl="ftp://ftp.badinfluencesoftware.com/badinfluencesoftware/WcfPollingDuplex/">
    <file relUrl="GameStreamService.svc" publishTime="10/13/2008 23:10:29" />
    <file relUrl="Web.config" publishTime="10/25/2008 14:54:14" />
    <file relUrl="bin/System.ServiceModel.PollingDuplex.dll" publishTime="09/22/2008 18:56:48" />
    <file relUrl="ClientAccessPolicy.xml" publishTime="10/14/2008 21:02:43" />
    <file relUrl="bin/WcfPollingDuplex.dll" publishTime="10/28/2008 00:12:42" />
    <file relUrl="bin/WcfPollingDuplex.pdb" publishTime="10/28/2008 00:12:42" />
  </publishTarget>
</publishData>