<publishData>
  <publishTarget publishUrl="ftp://ftp.badinfluencesoftware.com/badinfluencesoftware/SilverlightTestBed.Web/">
    <file relUrl="bin/zh-Hans/System.Web.Silverlight.resources.dll" publishTime="09/22/2008 18:56:48" />
    <file relUrl="ClientBin/SilverlightTestBed.xap" publishTime="10/29/2008 12:12:00" />
    <file relUrl="bin/de/System.Web.Silverlight.resources.dll" publishTime="09/22/2008 18:56:48" />
    <file relUrl="Web.config" publishTime="10/24/2008 19:02:29" />
    <file relUrl="clientaccesspolicy.xml" publishTime="10/07/2008 23:30:54" />
    <file relUrl="bin/SilverlightTestBed.Web.dll" publishTime="10/29/2008 12:12:00" />
    <file relUrl="bin/System.ServiceModel.PollingDuplex.dll" publishTime="09/22/2008 18:56:48" />
    <file relUrl="TestService.svc" publishTime="10/25/2008 14:27:11" />
    <file relUrl="bin/it/System.Web.Silverlight.resources.dll" publishTime="09/22/2008 18:56:48" />
    <file relUrl="bin/es/System.Web.Silverlight.resources.dll" publishTime="09/22/2008 18:56:48" />
    <file relUrl="bin/fr/System.Web.Silverlight.resources.dll" publishTime="09/22/2008 18:56:48" />
    <file relUrl="SilverlightTestBedTestPage.html" publishTime="09/30/2008 19:09:14" />
    <file relUrl="bin/zh-Hant/System.Web.Silverlight.resources.dll" publishTime="09/22/2008 18:56:48" />
    <file relUrl="bin/ja/System.Web.Silverlight.resources.dll" publishTime="09/22/2008 18:56:48" />
    <file relUrl="bin/ko/System.Web.Silverlight.resources.dll" publishTime="09/22/2008 18:56:48" />
    <file relUrl="AnnoyingTestService.svc" publishTime="10/25/2008 14:26:44" />
    <file relUrl="Default.aspx" publishTime="09/30/2008 19:09:03" />
    <file relUrl="bin/SilverlightTestBed.Web.pdb" publishTime="10/29/2008 12:12:00" />
    <file relUrl="bin/System.Web.Silverlight.dll" publishTime="09/22/2008 18:56:48" />
    <file relUrl="Silverlight.js" publishTime="09/30/2008 19:09:14" />
    <file relUrl="SilverlightTestBedTestPage.aspx" publishTime="09/30/2008 19:09:14" />
  </publishTarget>
  <publishTarget publishUrl="ftp://ftp.badinfluencesoftware.com/api2/SilverlightTestBed.Web/">
    <file relUrl="bin/zh-Hant/System.Web.Silverlight.resources.dll" publishTime="09/22/2008 18:56:48" />
    <file relUrl="bin/zh-Hans/System.Web.Silverlight.resources.dll" publishTime="09/22/2008 18:56:48" />
    <file relUrl="AnnoyingTestService.svc.cs" publishTime="10/07/2008 15:29:59" />
    <file relUrl="bin/de/System.Web.Silverlight.resources.dll" publishTime="09/22/2008 18:56:48" />
    <file relUrl="bin/ja/System.Web.Silverlight.resources.dll" publishTime="09/22/2008 18:56:48" />
    <file relUrl="Properties/AssemblyInfo.cs" publishTime="09/30/2008 19:09:03" />
    <file relUrl="TestService.svc.cs" publishTime="10/25/2008 14:24:03" />
    <file relUrl="Web.config" publishTime="10/24/2008 19:02:29" />
    <file relUrl="Default.aspx.designer.cs" publishTime="09/30/2008 19:09:03" />
    <file relUrl="clientaccesspolicy.xml" publishTime="10/07/2008 23:30:54" />
    <file relUrl="bin/SilverlightTestBed.Web.dll" publishTime="10/28/2008 08:14:46" />
    <file relUrl="TestService.svc" publishTime="10/25/2008 14:27:11" />
    <file relUrl="SilverlightTestBed.Web.csproj.user" publishTime="10/28/2008 00:24:12" />
    <file relUrl="bin/es/System.Web.Silverlight.resources.dll" publishTime="09/22/2008 18:56:48" />
    <file relUrl="bin/fr/System.Web.Silverlight.resources.dll" publishTime="09/22/2008 18:56:48" />
    <file relUrl="SilverlightTestBedTestPage.html" publishTime="09/30/2008 19:09:14" />
    <file relUrl="Default.aspx.cs" publishTime="09/30/2008 19:09:03" />
    <file relUrl="bin/System.ServiceModel.PollingDuplex.dll" publishTime="09/22/2008 18:56:48" />
    <file relUrl="bin/it/System.Web.Silverlight.resources.dll" publishTime="09/22/2008 18:56:48" />
    <file relUrl="ClientBin/SilverlightTestBed.xap" publishTime="10/28/2008 08:14:46" />
    <file relUrl="Default.aspx" publishTime="09/30/2008 19:09:03" />
    <file relUrl="bin/ko/System.Web.Silverlight.resources.dll" publishTime="09/22/2008 18:56:48" />
    <file relUrl="AnnoyingTestService.svc" publishTime="10/25/2008 14:26:44" />
    <file relUrl="Silverlight.js" publishTime="09/30/2008 19:09:14" />
    <file relUrl="bin/SilverlightTestBed.Web.pdb" publishTime="10/28/2008 08:14:46" />
    <file relUrl="bin/System.Web.Silverlight.dll" publishTime="09/22/2008 18:56:48" />
    <file relUrl="SomeInfo.cs" publishTime="10/08/2008 15:21:16" />
    <file relUrl="AddressSelectorHostFactory.cs" publishTime="10/25/2008 14:17:53" />
    <file relUrl="SilverlightTestBed.Web.csproj" publishTime="10/25/2008 14:27:16" />
    <file relUrl="SilverlightTestBedTestPage.aspx" publishTime="09/30/2008 19:09:14" />
  </publishTarget>
  <publishTarget publishUrl="ftp://ftp.badinfluencesoftware.com/api/SilverlightTestBed.Web/">
    <file relUrl="bin/zh-Hant/System.Web.Silverlight.resources.dll" publishTime="09/22/2008 18:56:48" />
    <file relUrl="bin/zh-Hans/System.Web.Silverlight.resources.dll" publishTime="09/22/2008 18:56:48" />
    <file relUrl="bin/de/System.Web.Silverlight.resources.dll" publishTime="09/22/2008 18:56:48" />
    <file relUrl="bin/SilverlightTestBed.Web.pdb" publishTime="10/28/2008 08:14:46" />
    <file relUrl="bin/ja/System.Web.Silverlight.resources.dll" publishTime="09/22/2008 18:56:48" />
    <file relUrl="clientaccesspolicy.xml" publishTime="10/07/2008 23:30:54" />
    <file relUrl="Web.config" publishTime="10/24/2008 19:02:29" />
    <file relUrl="TestService.svc" publishTime="10/25/2008 14:27:11" />
    <file relUrl="bin/fr/System.Web.Silverlight.resources.dll" publishTime="09/22/2008 18:56:48" />
    <file relUrl="SilverlightTestBedTestPage.html" publishTime="09/30/2008 19:09:14" />
    <file relUrl="bin/System.ServiceModel.PollingDuplex.dll" publishTime="09/22/2008 18:56:48" />
    <file relUrl="bin/it/System.Web.Silverlight.resources.dll" publishTime="09/22/2008 18:56:48" />
    <file relUrl="ClientBin/SilverlightTestBed.xap" publishTime="10/28/2008 08:14:46" />
    <file relUrl="bin/ko/System.Web.Silverlight.resources.dll" publishTime="09/22/2008 18:56:48" />
    <file relUrl="bin/SilverlightTestBed.Web.dll" publishTime="10/28/2008 08:14:46" />
    <file relUrl="Default.aspx" publishTime="09/30/2008 19:09:03" />
    <file relUrl="SilverlightTestBedTestPage.aspx" publishTime="09/30/2008 19:09:14" />
    <file relUrl="bin/System.Web.Silverlight.dll" publishTime="09/22/2008 18:56:48" />
    <file relUrl="AnnoyingTestService.svc" publishTime="10/25/2008 14:26:44" />
    <file relUrl="Silverlight.js" publishTime="09/30/2008 19:09:14" />
    <file relUrl="bin/es/System.Web.Silverlight.resources.dll" publishTime="09/22/2008 18:56:48" />
  </publishTarget>
</publishData>